Package_ID,Package_Name,Package_Badge,Package_Base_INR,Package_Base_USD,Turnaround,Macro_ID,Macro_Name,Macro_Category,Macro_Is_Essential,Macro_Price_INR,Macro_Price_USD,Macro_Description,Micro_ID,Micro_Name,Micro_Tag,Micro_Detail
luxury-landing-sprint,"Luxury Landing Sprint (Base Foundation)","Core Foundation",5000,100,"5-7 Days",ls_macro_core_arch,"Core Responsive Architecture & Luxury Layout","Architecture & Performance",TRUE,1500,30,"Mobile-first responsive layout with server-rendered Next.js App Router DOM, zero layout shift, and Vercel edge deployment.",ls_micro_1,"Bespoke Mobile, Tablet & 4K Breakpoints",Responsive,"Tailored viewport layouts with precision padding for phones, tablets, and ultra-wide screens."
luxury-landing-sprint,"Luxury Landing Sprint (Base Foundation)","Core Foundation",5000,100,"5-7 Days",ls_macro_core_arch,"Core Responsive Architecture & Luxury Layout","Architecture & Performance",TRUE,1500,30,"Mobile-first responsive layout with server-rendered Next.js App Router DOM, zero layout shift, and Vercel edge deployment.",ls_micro_2,"Next.js App Router SSR DOM",Engine,"Static and server-rendered hydration eliminating content flash and maximizing SEO visibility."
luxury-landing-sprint,"Luxury Landing Sprint (Base Foundation)","Core Foundation",5000,100,"5-7 Days",ls_macro_core_arch,"Core Responsive Architecture & Luxury Layout","Architecture & Performance",TRUE,1500,30,"Mobile-first responsive layout with server-rendered Next.js App Router DOM, zero layout shift, and Vercel edge deployment.",ls_micro_3,"Edge CDN Global Caching",Speed,"Sub-100ms global static asset delivery via Vercel & Cloudflare Edge network."
luxury-landing-sprint,"Luxury Landing Sprint (Base Foundation)","Core Foundation",5000,100,"5-7 Days",ls_macro_core_arch,"Core Responsive Architecture & Luxury Layout","Architecture & Performance",TRUE,1500,30,"Mobile-first responsive layout with server-rendered Next.js App Router DOM, zero layout shift, and Vercel edge deployment.",ls_micro_4,"Strict SSL / TLS & Automated DNS Setup",Security,"Production HTTPS certificate provisioning with custom domain DNS record verification."
luxury-landing-sprint,"Luxury Landing Sprint (Base Foundation)","Core Foundation",5000,100,"5-7 Days",ls_macro_motion,"Typography, Fluid Motion & Aesthetics","Visual Design & UX",TRUE,1000,20,"Kinetic typography, smooth momentum scrolling with Lenis, and subtle micro-interactions that communicate luxury.",ls_micro_5,"Curated Google / Typekit Font Pairings",Typography,"Editorial typographic hierarchy with zero FOIT (flash of invisible text) preloads."
luxury-landing-sprint,"Luxury Landing Sprint (Base Foundation)","Core Foundation",5000,100,"5-7 Days",ls_macro_motion,"Typography, Fluid Motion & Aesthetics","Visual Design & UX",TRUE,1000,20,"Kinetic typography, smooth momentum scrolling with Lenis, and subtle micro-interactions that communicate luxury.",ls_micro_6,"Smooth Lenis Momentum Scroll",Motion,"Hardware-accelerated inertia scroll preventing jittery trackpad or wheel movement."
luxury-landing-sprint,"Luxury Landing Sprint (Base Foundation)","Core Foundation",5000,100,"5-7 Days",ls_macro_motion,"Typography, Fluid Motion & Aesthetics","Visual Design & UX",TRUE,1000,20,"Kinetic typography, smooth momentum scrolling with Lenis, and subtle micro-interactions that communicate luxury.",ls_micro_7,"IntersectionObserver Reveal Animations",Animation,"Scroll-triggered staggered text reveals and card fades without CPU overhead."
luxury-landing-sprint,"Luxury Landing Sprint (Base Foundation)","Core Foundation",5000,100,"5-7 Days",ls_macro_motion,"Typography, Fluid Motion & Aesthetics","Visual Design & UX",TRUE,1000,20,"Kinetic typography, smooth momentum scrolling with Lenis, and subtle micro-interactions that communicate luxury.",ls_micro_8,"Magnetic Button Pull & Cursor Physics",Micro-UX,"Tactile spring physics on primary CTA buttons for elevated interactive engagement."
luxury-landing-sprint,"Luxury Landing Sprint (Base Foundation)","Core Foundation",5000,100,"5-7 Days",ls_macro_conversion,"Lead Capture & Conversion System","Conversion Infrastructure",TRUE,800,16,"High-converting inquiry forms with real-time validation, instant email alerts to your inbox, and direct WhatsApp routing.",ls_micro_9,"Asynchronous Contact Form with Client Validation",Forms,"Frictionless form with inline error prevention and zero-page-reload submission."
luxury-landing-sprint,"Luxury Landing Sprint (Base Foundation)","Core Foundation",5000,100,"5-7 Days",ls_macro_conversion,"Lead Capture & Conversion System","Conversion Infrastructure",TRUE,800,16,"High-converting inquiry forms with real-time validation, instant email alerts to your inbox, and direct WhatsApp routing.",ls_micro_10,"Instant Email Dispatcher to Business Owner",Alerts,"Automated Resend / SendGrid notification delivering full lead details to your inbox in 2 seconds."
luxury-landing-sprint,"Luxury Landing Sprint (Base Foundation)","Core Foundation",5000,100,"5-7 Days",ls_macro_conversion,"Lead Capture & Conversion System","Conversion Infrastructure",TRUE,800,16,"High-converting inquiry forms with real-time validation, instant email alerts to your inbox, and direct WhatsApp routing.",ls_micro_11,"WhatsApp Direct Floating Action Button",Messaging,"One-tap pre-filled chat link opening WhatsApp with your pre-set greeting message."
luxury-landing-sprint,"Luxury Landing Sprint (Base Foundation)","Core Foundation",5000,100,"5-7 Days",ls_macro_conversion,"Lead Capture & Conversion System","Conversion Infrastructure",TRUE,800,16,"High-converting inquiry forms with real-time validation, instant email alerts to your inbox, and direct WhatsApp routing.",ls_micro_12,"Custom Thank-You State & Lead Confirmation",Conversion,"Branded interactive confirmation toast reassuring prospects their inquiry was safely received."
luxury-landing-sprint,"Luxury Landing Sprint (Base Foundation)","Core Foundation",5000,100,"5-7 Days",ls_macro_accessibility,"Accessibility & Inclusive Design","Usability & Compliance",FALSE,600,12,"Inclusive design accommodating all users with multi-language switching, theme toggles, font scaling, and screen-reader compliance.",ls_micro_13,"Multi-Language Localization Framework (i18n)",Language,"Language switcher allowing international visitors to toggle between languages with URL persistence."
luxury-landing-sprint,"Luxury Landing Sprint (Base Foundation)","Core Foundation",5000,100,"5-7 Days",ls_macro_accessibility,"Accessibility & Inclusive Design","Usability & Compliance",FALSE,600,12,"Inclusive design accommodating all users with multi-language switching, theme toggles, font scaling, and screen-reader compliance.",ls_micro_14,"Dark / Light Mode Aesthetic Theme Switcher",Theme,"Smooth color transition toggle with system preference auto-detection and localStorage save."
luxury-landing-sprint,"Luxury Landing Sprint (Base Foundation)","Core Foundation",5000,100,"5-7 Days",ls_macro_accessibility,"Accessibility & Inclusive Design","Usability & Compliance",FALSE,600,12,"Inclusive design accommodating all users with multi-language switching, theme toggles, font scaling, and screen-reader compliance.",ls_micro_15,"Dynamic Fluid Typography Scaling",Font,"Client font-size adjustment controls (+A / -A) for effortless reading without breaking layout."
luxury-landing-sprint,"Luxury Landing Sprint (Base Foundation)","Core Foundation",5000,100,"5-7 Days",ls_macro_accessibility,"Accessibility & Inclusive Design","Usability & Compliance",FALSE,600,12,"Inclusive design accommodating all users with multi-language switching, theme toggles, font scaling, and screen-reader compliance.",ls_micro_16,"WCAG 2.1 AAA Screen Reader Landmarks",Compliance,"Semantic ARIA roles, skip-to-content links, and focus rings for complete keyboard accessibility."
luxury-landing-sprint,"Luxury Landing Sprint (Base Foundation)","Core Foundation",5000,100,"5-7 Days",ls_macro_accessibility,"Accessibility & Inclusive Design","Usability & Compliance",FALSE,600,12,"Inclusive design accommodating all users with multi-language switching, theme toggles, font scaling, and screen-reader compliance.",ls_micro_17,"Reduced Motion Mode",Accessibility,"Automatically disables motion effects when visitor has OS 'prefers-reduced-motion' enabled."
luxury-landing-sprint,"Luxury Landing Sprint (Base Foundation)","Core Foundation",5000,100,"5-7 Days",ls_macro_seo,"SEO, Meta Architecture & Social Sharing","Organic Discovery",FALSE,600,12,"Complete search engine optimization with OpenGraph preview cards, automated XML sitemaps, and rich schema markup.",ls_micro_18,"OpenGraph & Twitter Card Dynamic Previews",Social,"High-res branded card previews when shared on WhatsApp, iMessage, Twitter, and LinkedIn."
luxury-landing-sprint,"Luxury Landing Sprint (Base Foundation)","Core Foundation",5000,100,"5-7 Days",ls_macro_seo,"SEO, Meta Architecture & Social Sharing","Organic Discovery",FALSE,600,12,"Complete search engine optimization with OpenGraph preview cards, automated XML sitemaps, and rich schema markup.",ls_micro_19,"Automated XML Sitemap & Robots.txt",Indexing,"Self-updating sitemap indexing all canonical routes for Google Search Console crawlers."
luxury-landing-sprint,"Luxury Landing Sprint (Base Foundation)","Core Foundation",5000,100,"5-7 Days",ls_macro_seo,"SEO, Meta Architecture & Social Sharing","Organic Discovery",FALSE,600,12,"Complete search engine optimization with OpenGraph preview cards, automated XML sitemaps, and rich schema markup.",ls_micro_20,"Organization JSON-LD Rich Schema",Schema,"Structured data telling Google your business name, logo, phone, address, and operating hours."
luxury-landing-sprint,"Luxury Landing Sprint (Base Foundation)","Core Foundation",5000,100,"5-7 Days",ls_macro_seo,"SEO, Meta Architecture & Social Sharing","Organic Discovery",FALSE,600,12,"Complete search engine optimization with OpenGraph preview cards, automated XML sitemaps, and rich schema markup.",ls_micro_21,"Semantic Heading H1-H6 Hierarchy",On-Page,"Strict single-H1 semantic structure with keyword-optimized section hierarchy and image alt tags."
luxury-landing-sprint,"Luxury Landing Sprint (Base Foundation)","Core Foundation",5000,100,"5-7 Days",ls_macro_compliance,"Compliance & Visitor Utilities","Trust & Legal",FALSE,499,9,"GDPR/CCPA cookie consent management, sticky scroll-to-top buttons, and smart clipboard copy interactions.",ls_micro_22,"GDPR & CCPA Glassmorphic Cookie Consent Banner",Privacy,"Polished banner with granular Accept / Reject / Preferences options and consent storage."
luxury-landing-sprint,"Luxury Landing Sprint (Base Foundation)","Core Foundation",5000,100,"5-7 Days",ls_macro_compliance,"Compliance & Visitor Utilities","Trust & Legal",FALSE,499,9,"GDPR/CCPA cookie consent management, sticky scroll-to-top buttons, and smart clipboard copy interactions.",ls_micro_23,"Sticky Scroll-to-Top Floating Button",Navigation,"Appears smoothly after 400px of scrolling with dynamic circular scroll-depth progress ring."
luxury-landing-sprint,"Luxury Landing Sprint (Base Foundation)","Core Foundation",5000,100,"5-7 Days",ls_macro_compliance,"Compliance & Visitor Utilities","Trust & Legal",FALSE,499,9,"GDPR/CCPA cookie consent management, sticky scroll-to-top buttons, and smart clipboard copy interactions.",ls_micro_24,"Smart Copy-to-Clipboard Interactions",Micro-UX,"Clicking your email or phone number copies it instantly with a tactile 'Copied!' tooltip."
growth-marketing-campaigns,"BOFU Website Marketing & Sources Package","High Conversion",5000,100,"2-3 Weeks",gm_macro_foundation,"Luxury Landing Sprint Foundation (Included)","Base Architecture",TRUE,4999,99,"Includes the entire Luxury Landing Sprint foundation (₹4,999 value) built directly under your marketing funnels.",gm_micro_0a,"Complete Next.js App Router Architecture",Core,"Full SSR foundation with edge hosting and CDN delivery."
growth-marketing-campaigns,"BOFU Website Marketing & Sources Package","High Conversion",5000,100,"2-3 Weeks",gm_macro_foundation,"Luxury Landing Sprint Foundation (Included)","Base Architecture",TRUE,4999,99,"Includes the entire Luxury Landing Sprint foundation (₹4,999 value) built directly under your marketing funnels.",gm_micro_0b,"Responsive Layout & Typography System",Core,"Curated typography with 95+ Lighthouse speed benchmarks."
growth-marketing-campaigns,"BOFU Website Marketing & Sources Package","High Conversion",5000,100,"2-3 Weeks",gm_macro_foundation,"Luxury Landing Sprint Foundation (Included)","Base Architecture",TRUE,4999,99,"Includes the entire Luxury Landing Sprint foundation (₹4,999 value) built directly under your marketing funnels.",gm_micro_0c,"Lead Capture & Contact Engine",Core,"Asynchronous forms with instant notifications to owner."
growth-marketing-campaigns,"BOFU Website Marketing & Sources Package","High Conversion",5000,100,"2-3 Weeks",gm_macro_checkout,"Frictionless 1-Click Express Checkout & Payments","Revenue & Checkout",TRUE,3500,90,"Zero-friction single-page checkout supporting Apple Pay, Google Pay, UPI, and credit cards with instant order fulfillment.",gm_micro_1,"Multi-Gateway Checkout (Apple Pay, Google Pay, Cards)",Payment,"Stripe & Razorpay integrated single-page checkout with native mobile wallet buttons."
growth-marketing-campaigns,"BOFU Website Marketing & Sources Package","High Conversion",5000,100,"2-3 Weeks",gm_macro_checkout,"Frictionless 1-Click Express Checkout & Payments","Revenue & Checkout",TRUE,3500,90,"Zero-friction single-page checkout supporting Apple Pay, Google Pay, UPI, and credit cards with instant order fulfillment.",gm_micro_2,"Dynamic Tax & Discount Coupon Engine",Promo,"Real-time promo code validator with automated percent or flat discount calculation."
growth-marketing-campaigns,"BOFU Website Marketing & Sources Package","High Conversion",5000,100,"2-3 Weeks",gm_macro_checkout,"Frictionless 1-Click Express Checkout & Payments","Revenue & Checkout",TRUE,3500,90,"Zero-friction single-page checkout supporting Apple Pay, Google Pay, UPI, and credit cards with instant order fulfillment.",gm_micro_3,"Abandoned Checkout Recovery Hook",Recovery,"Captures partial email and cart contents to trigger automated abandoned cart recovery."
growth-marketing-campaigns,"BOFU Website Marketing & Sources Package","High Conversion",5000,100,"2-3 Weeks",gm_macro_checkout,"Frictionless 1-Click Express Checkout & Payments","Revenue & Checkout",TRUE,3500,90,"Zero-friction single-page checkout supporting Apple Pay, Google Pay, UPI, and credit cards with instant order fulfillment.",gm_micro_4,"Instant Digital Fulfillment Handshake",Order,"Immediate redirect to order confirmation with downloadable receipts and delivery tracking."
growth-marketing-campaigns,"BOFU Website Marketing & Sources Package","High Conversion",5000,100,"2-3 Weeks",gm_macro_urgency,"High-Conversion Urgency & Scarcity Mechanics","Psychological Triggers",TRUE,3000,80,"Dynamic countdown timers, top announcement bars, and stock meters that compel visitors to take action immediately.",gm_micro_5,"Real-Time Flash Sale Countdown Clocks",Urgency,"Localized drop timers showing hours, minutes, and seconds remaining in flash campaign."
growth-marketing-campaigns,"BOFU Website Marketing & Sources Package","High Conversion",5000,100,"2-3 Weeks",gm_macro_urgency,"High-Conversion Urgency & Scarcity Mechanics","Psychological Triggers",TRUE,3000,80,"Dynamic countdown timers, top announcement bars, and stock meters that compel visitors to take action immediately.",gm_micro_6,"Sticky Offer-First Announcement Bar",Banner,"Top header banner with 1-click coupon code copy and free shipping progress meter."
growth-marketing-campaigns,"BOFU Website Marketing & Sources Package","High Conversion",5000,100,"2-3 Weeks",gm_macro_urgency,"High-Conversion Urgency & Scarcity Mechanics","Psychological Triggers",TRUE,3000,80,"Dynamic countdown timers, top announcement bars, and stock meters that compel visitors to take action immediately.",gm_micro_7,"Dynamic Low-Stock Inventory Indicators",Scarcity,"Urgency badges ('Only 3 left in stock!') that dynamically deplete based on purchase volume."
growth-marketing-campaigns,"BOFU Website Marketing & Sources Package","High Conversion",5000,100,"2-3 Weeks",gm_macro_urgency,"High-Conversion Urgency & Scarcity Mechanics","Psychological Triggers",TRUE,3000,80,"Dynamic countdown timers, top announcement bars, and stock meters that compel visitors to take action immediately.",gm_micro_8,"Live Social-Proof Purchase Toasts",Social Proof,"Subtle popups showing recent orders from real cities to validate buyer trust."
growth-marketing-campaigns,"BOFU Website Marketing & Sources Package","High Conversion",5000,100,"2-3 Weeks",gm_macro_attribution,"Full-Spectrum UTM Multi-Source Attribution","Analytics & Telemetry",TRUE,3000,80,"Captures source, medium, and campaign parameters with every order and passes server-side conversion pixels to Meta and Google.",gm_micro_9,"URL Parameter Parser (UTM Source, Medium, Campaign)",Attribution,"Automatically extracts marketing query params and persists them across the entire visitor session."
growth-marketing-campaigns,"BOFU Website Marketing & Sources Package","High Conversion",5000,100,"2-3 Weeks",gm_macro_attribution,"Full-Spectrum UTM Multi-Source Attribution","Analytics & Telemetry",TRUE,3000,80,"Captures source, medium, and campaign parameters with every order and passes server-side conversion pixels to Meta and Google.",gm_micro_10,"Persistent 30-Day Cookie Source Binding",Tracking,"Binds origin campaign to checkout payload even if visitor returns weeks later."
growth-marketing-campaigns,"BOFU Website Marketing & Sources Package","High Conversion",5000,100,"2-3 Weeks",gm_macro_attribution,"Full-Spectrum UTM Multi-Source Attribution","Analytics & Telemetry",TRUE,3000,80,"Captures source, medium, and campaign parameters with every order and passes server-side conversion pixels to Meta and Google.",gm_micro_11,"Meta Pixel & CAPI Server-Side Telemetry",Pixels,"Direct Graph API server-side event transmission bypassing ad blockers for accurate ROAS."
growth-marketing-campaigns,"BOFU Website Marketing & Sources Package","High Conversion",5000,100,"2-3 Weeks",gm_macro_attribution,"Full-Spectrum UTM Multi-Source Attribution","Analytics & Telemetry",TRUE,3000,80,"Captures source, medium, and campaign parameters with every order and passes server-side conversion pixels to Meta and Google.",gm_micro_12,"GA4 & Google Tag Manager DataLayer Events",Analytics,"Structured e-commerce events (view_item, begin_checkout, purchase) pushed to DataLayer."
growth-marketing-campaigns,"BOFU Website Marketing & Sources Package","High Conversion",5000,100,"2-3 Weeks",gm_macro_ugc,"Social Proof & UGC Video Review Wall","Social Trust",FALSE,1500,40,"Mobile-optimized vertical TikTok / Reel video testimonials wall with customer star ratings and before/after comparisons.",gm_micro_13,"Vertical Reel/TikTok Video Player",Video,"Fast-loading muted vertical video player with tap-to-unmute and carousel sliding."
growth-marketing-campaigns,"BOFU Website Marketing & Sources Package","High Conversion",5000,100,"2-3 Weeks",gm_macro_ugc,"Social Proof & UGC Video Review Wall","Social Trust",FALSE,1500,40,"Mobile-optimized vertical TikTok / Reel video testimonials wall with customer star ratings and before/after comparisons.",gm_micro_14,"Verified Customer Star Rating Filters",Reviews,"Breakdown of 5-star reviews with keyword filtering (Quality, Speed, Customer Service)."
growth-marketing-campaigns,"BOFU Website Marketing & Sources Package","High Conversion",5000,100,"2-3 Weeks",gm_macro_ugc,"Social Proof & UGC Video Review Wall","Social Trust",FALSE,1500,40,"Mobile-optimized vertical TikTok / Reel video testimonials wall with customer star ratings and before/after comparisons.",gm_micro_15,"Before & After Interactive Split Slider",Visual,"Draggable divider showing transformative client results side-by-side."
growth-marketing-campaigns,"BOFU Website Marketing & Sources Package","High Conversion",5000,100,"2-3 Weeks",gm_macro_comparison,"Interactive Product 360 & Comparison Matrix","Product Presentation",FALSE,1500,40,"Interactive 4K multi-angle viewer and value-anchoring comparison table establishing your offering as superior to alternatives.",gm_micro_16,"4K Multi-Angle Product Zoomer",360 Viewer,"Drag-to-rotate multi-frame product viewer with high-resolution lens zoom on hover."
growth-marketing-campaigns,"BOFU Website Marketing & Sources Package","High Conversion",5000,100,"2-3 Weeks",gm_macro_comparison,"Interactive Product 360 & Comparison Matrix","Product Presentation",FALSE,1500,40,"Interactive 4K multi-angle viewer and value-anchoring comparison table establishing your offering as superior to alternatives.",gm_micro_17,"Side-by-Side Value-Anchoring Matrix",Comparison,"Clear checkmark vs X comparison matrix highlighting your unique advantages over competitors."
growth-marketing-campaigns,"BOFU Website Marketing & Sources Package","High Conversion",5000,100,"2-3 Weeks",gm_macro_comparison,"Interactive Product 360 & Comparison Matrix","Product Presentation",FALSE,1500,40,"Interactive 4K multi-angle viewer and value-anchoring comparison table establishing your offering as superior to alternatives.",gm_micro_18,"Live Variant & Material Switcher",Variants,"Instant swap of product photos and pricing based on selected color or bundle size."
growth-marketing-campaigns,"BOFU Website Marketing & Sources Package","High Conversion",5000,100,"2-3 Weeks",gm_macro_ai_concierge,"AI Sales Concierge Bot","AI Sales Agent",FALSE,1500,40,"24/7 intelligent sales assistant that answers buyer questions, handles objections, and guides prospects directly to checkout.",gm_micro_19,"24/7 Context-Aware Sales Assistant",AI Bot,"Trained on your specific product catalogs, FAQs, warranties, and pricing tiers."
growth-marketing-campaigns,"BOFU Website Marketing & Sources Package","High Conversion",5000,100,"2-3 Weeks",gm_macro_ai_concierge,"AI Sales Concierge Bot","AI Sales Agent",FALSE,1500,40,"24/7 intelligent sales assistant that answers buyer questions, handles objections, and guides prospects directly to checkout.",gm_micro_20,"Automated Objection Handling Engine",Closing,"Pre-programmed objection handling for shipping times, refund guarantees, and sizing questions."
growth-marketing-campaigns,"BOFU Website Marketing & Sources Package","High Conversion",5000,100,"2-3 Weeks",gm_macro_ai_concierge,"AI Sales Concierge Bot","AI Sales Agent",FALSE,1500,40,"24/7 intelligent sales assistant that answers buyer questions, handles objections, and guides prospects directly to checkout.",gm_micro_21,"Direct In-Chat 1-Click Checkout Routing",Sales,"Recommends relevant packages and generates a direct checkout link inside the conversation."
growth-marketing-campaigns,"BOFU Website Marketing & Sources Package","High Conversion",5000,100,"2-3 Weeks",gm_macro_multilingual,"Multi-Lingual International Localization (i18n)","Global Reach",FALSE,1000,30,"Language switcher supporting up to 3 global languages with localized currency and Right-to-Left (RTL) support.",gm_micro_22,"Multi-Language Header Switcher",i18n,"Seamless toggle supporting English, Arabic, Spanish, or your chosen regional languages."
growth-marketing-campaigns,"BOFU Website Marketing & Sources Package","High Conversion",5000,100,"2-3 Weeks",gm_macro_multilingual,"Multi-Lingual International Localization (i18n)","Global Reach",FALSE,1000,30,"Language switcher supporting up to 3 global languages with localized currency and Right-to-Left (RTL) support.",gm_micro_23,"Right-to-Left (RTL) Mirroring Architecture",RTL,"Complete layout mirroring support for Arabic and Urdu typography and navigation."
growth-marketing-campaigns,"BOFU Website Marketing & Sources Package","High Conversion",5000,100,"2-3 Weeks",gm_macro_multilingual,"Multi-Lingual International Localization (i18n)","Global Reach",FALSE,1000,30,"Language switcher supporting up to 3 global languages with localized currency and Right-to-Left (RTL) support.",gm_micro_24,"Localized Currency Formatting",Currency,"Automatically presents figures in INR (₹), USD ($), EUR (€), or AED based on visitor country."
booking-appointments-engine,"Smart Appointment & Booking Engine","Booking Suite",5000,100,"2-3 Weeks",bk_macro_foundation,"Luxury Landing Sprint Foundation (Included)","Base Architecture",TRUE,4999,99,"Includes the entire Luxury Landing Sprint foundation (₹4,999 value) as the baseline for your booking portal.",bk_micro_0a,"Complete Next.js App Router Architecture",Core,"Full SSR foundation with edge hosting and CDN delivery."
booking-appointments-engine,"Smart Appointment & Booking Engine","Booking Suite",5000,100,"2-3 Weeks",bk_macro_foundation,"Luxury Landing Sprint Foundation (Included)","Base Architecture",TRUE,4999,99,"Includes the entire Luxury Landing Sprint foundation (₹4,999 value) as the baseline for your booking portal.",bk_micro_0b,"Mobile Responsive Layout & Typography",Core,"Curated typography with 95+ Lighthouse speed benchmarks."
booking-appointments-engine,"Smart Appointment & Booking Engine","Booking Suite",5000,100,"2-3 Weeks",bk_macro_slot_picker,"Interactive Live Slot Availability Engine","Calendar Engine",TRUE,3500,90,"Real-time calendar slot blocking with timezone auto-detection, custom meeting buffers, and operational hours.",bk_micro_1,"Interactive Calendar Date & Slot Grid",Grid,"Live availability grid showing morning, afternoon, and evening booking slots."
booking-appointments-engine,"Smart Appointment & Booking Engine","Booking Suite",5000,100,"2-3 Weeks",bk_macro_slot_picker,"Interactive Live Slot Availability Engine","Calendar Engine",TRUE,3500,90,"Real-time calendar slot blocking with timezone auto-detection, custom meeting buffers, and operational hours.",bk_micro_2,"Automatic Timezone Detection & Conversion",Timezone,"Converts meeting times to client's local timezone automatically to prevent confusion."
booking-appointments-engine,"Smart Appointment & Booking Engine","Booking Suite",5000,100,"2-3 Weeks",bk_macro_slot_picker,"Interactive Live Slot Availability Engine","Calendar Engine",TRUE,3500,90,"Real-time calendar slot blocking with timezone auto-detection, custom meeting buffers, and operational hours.",bk_micro_3,"Custom Meeting Buffers & Operating Hours",Buffers,"Configurable buffer gaps (e.g. 15 min cooldown) and holiday blackout dates."
booking-appointments-engine,"Smart Appointment & Booking Engine","Booking Suite",5000,100,"2-3 Weeks",bk_macro_calendar_sync,"Bidirectional 2-Way Calendar Synchronization","Calendar API",TRUE,3000,80,"Google Calendar and Outlook 2-way sync that automatically blocks booked slots and eliminates double-booking.",bk_micro_4,"Google Calendar 2-Way API Sync",Google,"Instantly adds bookings to your Google Calendar and blocks dates when you add personal events."
booking-appointments-engine,"Smart Appointment & Booking Engine","Booking Suite",5000,100,"2-3 Weeks",bk_macro_calendar_sync,"Bidirectional 2-Way Calendar Synchronization","Calendar API",TRUE,3000,80,"Google Calendar and Outlook 2-way sync that automatically blocks booked slots and eliminates double-booking.",bk_micro_5,"Microsoft Outlook / Office 365 Sync",Outlook,"Synchronizes appointment events with enterprise Outlook calendars in real-time."
booking-appointments-engine,"Smart Appointment & Booking Engine","Booking Suite",5000,100,"2-3 Weeks",bk_macro_calendar_sync,"Bidirectional 2-Way Calendar Synchronization","Calendar API",TRUE,3000,80,"Google Calendar and Outlook 2-way sync that automatically blocks booked slots and eliminates double-booking.",bk_micro_6,"Automated .ics Calendar File Attachments",iCal,"Sends Apple / Google Calendar 1-tap add event links in confirmation messages."
booking-appointments-engine,"Smart Appointment & Booking Engine","Booking Suite",5000,100,"2-3 Weeks",bk_macro_reminders,"Automated WhatsApp & Email Reminders","Notifications",TRUE,2500,70,"Automated confirmation and 24h/2h reminder sequences that reduce appointment no-shows by up to 80%.",bk_micro_7,"Instant Confirmation Email & WhatsApp Dispatch",Instant,"Sends calendar link and appointment details immediately upon slot selection."
booking-appointments-engine,"Smart Appointment & Booking Engine","Booking Suite",5000,100,"2-3 Weeks",bk_macro_reminders,"Automated WhatsApp & Email Reminders","Notifications",TRUE,2500,70,"Automated confirmation and 24h/2h reminder sequences that reduce appointment no-shows by up to 80%.",bk_micro_8,"24-Hour & 2-Hour Pre-Appointment Reminders",Reminders,"Automated reminders sent via WhatsApp Cloud API or Twilio SMS to prevent no-shows."
booking-appointments-engine,"Smart Appointment & Booking Engine","Booking Suite",5000,100,"2-3 Weeks",bk_macro_reminders,"Automated WhatsApp & Email Reminders","Notifications",TRUE,2500,70,"Automated confirmation and 24h/2h reminder sequences that reduce appointment no-shows by up to 80%.",bk_micro_9,"1-Click Client Reschedule & Cancellation Links",Self-Serve,"Self-serve reschedule link freeing up staff from manual appointment coordination."
booking-appointments-engine,"Smart Appointment & Booking Engine","Booking Suite",5000,100,"2-3 Weeks",bk_macro_payments,"Deposit & Session Pre-Payment Gateway",Payments,FALSE,2500,70,"Stripe and Razorpay integration requiring clients to pay a mandatory deposit or full fee before confirming.",bk_micro_10,"Mandatory Booking Deposit Checkout Step",Deposit,"Requires partial or full prepayment to hold the appointment slot on the calendar."
booking-appointments-engine,"Smart Appointment & Booking Engine","Booking Suite",5000,100,"2-3 Weeks",bk_macro_payments,"Deposit & Session Pre-Payment Gateway",Payments,FALSE,2500,70,"Stripe and Razorpay integration requiring clients to pay a mandatory deposit or full fee before confirming.",bk_micro_11,"Razorpay, UPI & Stripe Webhook Verification",Webhook,"Cryptographically verifies payment completion before confirming the calendar block."
booking-appointments-engine,"Smart Appointment & Booking Engine","Booking Suite",5000,100,"2-3 Weeks",bk_macro_payments,"Deposit & Session Pre-Payment Gateway",Payments,FALSE,2500,70,"Stripe and Razorpay integration requiring clients to pay a mandatory deposit or full fee before confirming.",bk_micro_12,"Automated GST / Tax Invoice Receipts",Invoice,"Generates digital PDF receipt with order number and tax breakdown automatically."
booking-appointments-engine,"Smart Appointment & Booking Engine","Booking Suite",5000,100,"2-3 Weeks",bk_macro_qualification,"Pre-Appointment Qualification Questionnaire",Intake,FALSE,1500,40,"Multi-step intake questionnaire with file uploads ensuring you only spend time on qualified high-value appointments.",bk_micro_13,"Multi-Step Client Brief Questionnaire",Form,"Collects business budget, goals, medical history, or requirements before booking."
booking-appointments-engine,"Smart Appointment & Booking Engine","Booking Suite",5000,100,"2-3 Weeks",bk_macro_qualification,"Pre-Appointment Qualification Questionnaire",Intake,FALSE,1500,40,"Multi-step intake questionnaire with file uploads ensuring you only spend time on qualified high-value appointments.",bk_micro_14,"Reference File & Document Uploads",Uploads,"Allows clients to attach floor plans, briefs, or medical scans directly into the booking."
booking-appointments-engine,"Smart Appointment & Booking Engine","Booking Suite",5000,100,"2-3 Weeks",bk_macro_qualification,"Pre-Appointment Qualification Questionnaire",Intake,FALSE,1500,40,"Multi-step intake questionnaire with file uploads ensuring you only spend time on qualified high-value appointments.",bk_micro_15,"Conditional Branching Questions",Logic,"Adapts follow-up questions based on the specific service or treatment selected."
booking-appointments-engine,"Smart Appointment & Booking Engine","Booking Suite",5000,100,"2-3 Weeks",bk_macro_multibranch,"Multi-Branch & Location Routing",Location,FALSE,2000,50,"Routes appointments across up to 3 physical or virtual clinics/branches with independent calendars and staff mapping.",bk_micro_16,"Up to 3 Physical or Virtual Clinic Branches",Branches,"Allows clients to select their nearest branch or virtual consultation option."
booking-appointments-engine,"Smart Appointment & Booking Engine","Booking Suite",5000,100,"2-3 Weeks",bk_macro_multibranch,"Multi-Branch & Location Routing",Location,FALSE,2000,50,"Routes appointments across up to 3 physical or virtual clinics/branches with independent calendars and staff mapping.",bk_micro_17,"Branch-Specific Operating Hours & Holidays",Schedule,"Each location manages independent operating days, holidays, and available chairs."
booking-appointments-engine,"Smart Appointment & Booking Engine","Booking Suite",5000,100,"2-3 Weeks",bk_macro_multibranch,"Multi-Branch & Location Routing",Location,FALSE,2000,50,"Routes appointments across up to 3 physical or virtual clinics/branches with independent calendars and staff mapping.",bk_micro_18,"Doctor / Specialist Assignment per Branch",Staff,"Filters available team members based on the selected clinic location."
staff-team-management-portal,"Staff & Team Management Portal",Operations,5000,100,"3-4 Weeks",st_macro_foundation,"Luxury Landing Sprint Foundation (Included)","Base Architecture",TRUE,4999,99,"Includes the entire Luxury Landing Sprint foundation (₹4,999 value) with enterprise security and mobile responsiveness.",st_micro_0a,"Complete Next.js App Router Architecture",Core,"Full SSR foundation with edge hosting and CDN delivery."
staff-team-management-portal,"Staff & Team Management Portal",Operations,5000,100,"3-4 Weeks",st_macro_foundation,"Luxury Landing Sprint Foundation (Included)","Base Architecture",TRUE,4999,99,"Includes the entire Luxury Landing Sprint foundation (₹4,999 value) with enterprise security and mobile responsiveness.",st_micro_0b,"Mobile Responsive Layout & Typography",Core,"Curated typography with 95+ Lighthouse speed benchmarks."
staff-team-management-portal,"Staff & Team Management Portal",Operations,5000,100,"3-4 Weeks",st_macro_directory,"Digital Staff Directory & Role-Based Access Control","Team Directory",TRUE,4500,110,"Searchable employee directory with department categorization, individual profiles, and granular role permissions.",st_micro_1,"Searchable Digital Staff Directory",Directory,"Search team members by name, skill, department, or branch with contact info."
staff-team-management-portal,"Staff & Team Management Portal",Operations,5000,100,"3-4 Weeks",st_macro_directory,"Digital Staff Directory & Role-Based Access Control","Team Directory",TRUE,4500,110,"Searchable employee directory with department categorization, individual profiles, and granular role permissions.",st_micro_2,"Granular RBAC Security Roles",RBAC,"Dedicated permission tiers: Super Admin, Branch Manager, Staff, and Contractor."
staff-team-management-portal,"Staff & Team Management Portal",Operations,5000,100,"3-4 Weeks",st_macro_directory,"Digital Staff Directory & Role-Based Access Control","Team Directory",TRUE,4500,110,"Searchable employee directory with department categorization, individual profiles, and granular role permissions.",st_micro_3,"Encrypted Employee Profile Space",Security,"Secure repository for staff certifications, emergency contacts, and contracts."
staff-team-management-portal,"Staff & Team Management Portal",Operations,5000,100,"3-4 Weeks",st_macro_roster,"Interactive Weekly Shift Rostering & Scheduling",Rostering,TRUE,4000,100,"Drag-and-drop weekly shift calendar builder with automated conflict detection and 1-click roster broadcasting.",st_micro_4,"Weekly & Monthly Shift Calendar Builder",Calendar,"Visual timetable builder displaying morning, evening, and night duty coverage."
staff-team-management-portal,"Staff & Team Management Portal",Operations,5000,100,"3-4 Weeks",st_macro_roster,"Interactive Weekly Shift Rostering & Scheduling",Rostering,TRUE,4000,100,"Drag-and-drop weekly shift calendar builder with automated conflict detection and 1-click roster broadcasting.",st_micro_5,"Automated Shift Conflict Detection",Safety,"Flags double-booking, back-to-back shifts, or overtime violations automatically."
staff-team-management-portal,"Staff & Team Management Portal",Operations,5000,100,"3-4 Weeks",st_macro_roster,"Interactive Weekly Shift Rostering & Scheduling",Rostering,TRUE,4000,100,"Drag-and-drop weekly shift calendar builder with automated conflict detection and 1-click roster broadcasting.",st_micro_6,"1-Click Roster Publishing & SMS Alerts",Publish,"Broadcasts updated schedules to all staff members with instant notifications."
staff-team-management-portal,"Staff & Team Management Portal",Operations,5000,100,"3-4 Weeks",st_macro_leave,"Time-Off & Leave Approval Engine","Leave Management",TRUE,3500,90,"Self-serve leave requests with 1-click manager approvals and automated roster blocking on approved time off.",st_micro_7,"Staff Self-Serve Time-Off Request Portal",Requests,"Employees submit vacation, sick leave, or personal days with dates and notes."
staff-team-management-portal,"Staff & Team Management Portal",Operations,5000,100,"3-4 Weeks",st_macro_leave,"Time-Off & Leave Approval Engine","Leave Management",TRUE,3500,90,"Self-serve leave requests with 1-click manager approvals and automated roster blocking on approved time off.",st_micro_8,"Manager 1-Click Approve / Decline Action",Approval,"Managers review pending leave requests with team coverage visibility."
staff-team-management-portal,"Staff & Team Management Portal",Operations,5000,100,"3-4 Weeks",st_macro_leave,"Time-Off & Leave Approval Engine","Leave Management",TRUE,3500,90,"Self-serve leave requests with 1-click manager approvals and automated roster blocking on approved time off.",st_micro_9,"Automated Roster Blocking on Leave",Auto-Block,"Prevents managers from assigning shifts to staff during approved leave days."
staff-team-management-portal,"Staff & Team Management Portal",Operations,5000,100,"3-4 Weeks",st_macro_punchclock,"Mobile GPS Geolocation Punch Clock Timesheets","Time Tracking",FALSE,3000,80,"Mobile web punch clock with geofencing verification ensuring staff are physically on-site when clocking in.",st_micro_10,"Mobile Web Geofenced Clock-In Punch Clock","Punch Clock","1-tap clock-in/out button running on smartphones with GPS coordinate logging."
staff-team-management-portal,"Staff & Team Management Portal",Operations,5000,100,"3-4 Weeks",st_macro_punchclock,"Mobile GPS Geolocation Punch Clock Timesheets","Time Tracking",FALSE,3000,80,"Mobile web punch clock with geofencing verification ensuring staff are physically on-site when clocking in.",st_micro_11,"Branch Geofence Radius Verification",Geofence,"Confirms employee is within 100 meters of the assigned clinic or office branch."
staff-team-management-portal,"Staff & Team Management Portal",Operations,5000,100,"3-4 Weeks",st_macro_punchclock,"Mobile GPS Geolocation Punch Clock Timesheets","Time Tracking",FALSE,3000,80,"Mobile web punch clock with geofencing verification ensuring staff are physically on-site when clocking in.",st_micro_12,"Break Time & Meal Tracking",Breaks,"Tracks lunch and rest breaks to compute accurate net productive work hours."
staff-team-management-portal,"Staff & Team Management Portal",Operations,5000,100,"3-4 Weeks",st_macro_payroll,"1-Click Work-Hour Summary & Payroll CSV Export",Payroll,FALSE,2500,60,"Automated work-hour calculation with overtime tracking and 1-click export to Excel, QuickBooks, or Gusto.",st_micro_13,"Automated Regular & Overtime Hour Totals",Totals,"Computes total billable hours per employee across weekly or monthly pay periods."
staff-team-management-portal,"Staff & Team Management Portal",Operations,5000,100,"3-4 Weeks",st_macro_payroll,"1-Click Work-Hour Summary & Payroll CSV Export",Payroll,FALSE,2500,60,"Automated work-hour calculation with overtime tracking and 1-click export to Excel, QuickBooks, or Gusto.",st_micro_14,"1-Click Payroll CSV / Excel Export",Export,"Pre-formatted spreadsheet download ready for your accountant or payroll software."
staff-team-management-portal,"Staff & Team Management Portal",Operations,5000,100,"3-4 Weeks",st_macro_payroll,"1-Click Work-Hour Summary & Payroll CSV Export",Payroll,FALSE,2500,60,"Automated work-hour calculation with overtime tracking and 1-click export to Excel, QuickBooks, or Gusto.",st_micro_15,"Timesheet Dispute & Edit Audit Trail",Audit,"Managers can adjust missed punches with complete audit timestamp logging."
staff-team-management-portal,"Staff & Team Management Portal",Operations,5000,100,"3-4 Weeks",st_macro_notices,"Internal Company Notice Board & Broadcasts","Internal Comms",FALSE,2500,60,"Digital bulletin board for company announcements, safety SOPs, and mandatory read-receipt tracking.",st_micro_16,"Priority Company Announcement Feed",Broadcast,"Broadcasts operational changes, updates, and milestones to all employees."
staff-team-management-portal,"Staff & Team Management Portal",Operations,5000,100,"3-4 Weeks",st_macro_notices,"Internal Company Notice Board & Broadcasts","Internal Comms",FALSE,2500,60,"Digital bulletin board for company announcements, safety SOPs, and mandatory read-receipt tracking.",st_micro_17,"Mandatory Read-Receipt Tracking",Receipts,"Shows managers which staff members have read and acknowledged critical notices."
staff-team-management-portal,"Staff & Team Management Portal",Operations,5000,100,"3-4 Weeks",st_macro_notices,"Internal Company Notice Board & Broadcasts","Internal Comms",FALSE,2500,60,"Digital bulletin board for company announcements, safety SOPs, and mandatory read-receipt tracking.",st_micro_18,"Pinned SOP & Safety Document Downloads",Docs,"Central hub for downloadable clinic protocols, policy manuals, and guidelines."
interactive-3d-experience,"3D Interactive & Brand Experience","3D & WebGL",5000,100,"3-4 Weeks",td_macro_foundation,"Luxury Landing Sprint Foundation (Included)","Base Architecture",TRUE,4999,99,"Includes the entire Luxury Landing Sprint foundation (₹4,999 value) with high-speed Next.js edge deployment.",td_micro_0a,"Complete Next.js App Router Architecture",Core,"Full SSR foundation with edge hosting and CDN delivery."
interactive-3d-experience,"3D Interactive & Brand Experience","3D & WebGL",5000,100,"3-4 Weeks",td_macro_foundation,"Luxury Landing Sprint Foundation (Included)","Base Architecture",TRUE,4999,99,"Includes the entire Luxury Landing Sprint foundation (₹4,999 value) with high-speed Next.js edge deployment.",td_micro_0b,"Mobile Responsive Layout & Typography",Core,"Curated typography with 95+ Lighthouse speed benchmarks."
interactive-3d-experience,"3D Interactive & Brand Experience","3D & WebGL",5000,100,"3-4 Weeks",td_macro_webgl,"High-Performance WebGL / Three.js 3D Canvas","3D Canvas Engine",TRUE,12000,280,"Three.js WebGL viewport with DRACO compression, studio HDRI lighting, and smooth dampening orbit controls.",td_micro_1,"Three.js / React Three Fiber Viewport",Three.js,"GPU-accelerated 3D canvas with PBR photorealistic materials and reflections."
interactive-3d-experience,"3D Interactive & Brand Experience","3D & WebGL",5000,100,"3-4 Weeks",td_macro_webgl,"High-Performance WebGL / Three.js 3D Canvas","3D Canvas Engine",TRUE,12000,280,"Three.js WebGL viewport with DRACO compression, studio HDRI lighting, and smooth dampening orbit controls.",td_micro_2,"DRACO & KTX2 Asset Compression Pipeline",Optimization,"Reduces 3D file sizes by up to 85% for lightning-fast asset downloads."
interactive-3d-experience,"3D Interactive & Brand Experience","3D & WebGL",5000,100,"3-4 Weeks",td_macro_webgl,"High-Performance WebGL / Three.js 3D Canvas","3D Canvas Engine",TRUE,12000,280,"Three.js WebGL viewport with DRACO compression, studio HDRI lighting, and smooth dampening orbit controls.",td_micro_3,"Studio HDRI Environment Map Lighting",Lighting,"Cinematic image-based lighting creating ultra-realistic reflections and depth."
interactive-3d-experience,"3D Interactive & Brand Experience","3D & WebGL",5000,100,"3-4 Weeks",td_macro_webgl,"High-Performance WebGL / Three.js 3D Canvas","3D Canvas Engine",TRUE,12000,280,"Three.js WebGL viewport with DRACO compression, studio HDRI lighting, and smooth dampening orbit controls.",td_micro_4,"Smooth OrbitControls with Angle Constraints",Controls,"Tactile mouse/touch rotation with inertia and bounded angles preventing clipping."
interactive-3d-experience,"3D Interactive & Brand Experience","3D & WebGL",5000,100,"3-4 Weeks",td_macro_choreography,"Scroll-Driven 3D Camera Choreography",Storytelling,TRUE,9000,200,"Pinned camera trajectory along scroll position with cinematic keyframes and clickable annotation hotspots.",td_micro_5,"GSAP ScrollTrigger Pinned 3D Timeline",Timeline,"Ties camera orbit coordinates and model rotation directly to page scroll progress."
interactive-3d-experience,"3D Interactive & Brand Experience","3D & WebGL",5000,100,"3-4 Weeks",td_macro_choreography,"Scroll-Driven 3D Camera Choreography",Storytelling,TRUE,9000,200,"Pinned camera trajectory along scroll position with cinematic keyframes and clickable annotation hotspots.",td_micro_6,"Cinematic Keyframe Camera Transitions",Cinematic,"Flawless transitions between macro close-ups, exploded views, and overview angles."
interactive-3d-experience,"3D Interactive & Brand Experience","3D & WebGL",5000,100,"3-4 Weeks",td_macro_choreography,"Scroll-Driven 3D Camera Choreography",Storytelling,TRUE,9000,200,"Pinned camera trajectory along scroll position with cinematic keyframes and clickable annotation hotspots.",td_micro_7,"Interactive 3D Hotspot Annotation Pins",Hotspots,"Clickable pulsating 3D markers revealing product specifications and feature callouts."
interactive-3d-experience,"3D Interactive & Brand Experience","3D & WebGL",5000,100,"3-4 Weeks",td_macro_customizer,"Interactive Real-Time Material & Color Switcher","3D Customization",FALSE,5000,120,"Interactive UI controls allowing visitors to swap model colors, textures, and metallic finishes in real-time.",td_micro_8,"Real-Time Mesh Material Color Switcher",Colors,"Palette picker allowing clients to preview products in different custom colorways."
interactive-3d-experience,"3D Interactive & Brand Experience","3D & WebGL",5000,100,"3-4 Weeks",td_macro_customizer,"Interactive Real-Time Material & Color Switcher","3D Customization",FALSE,5000,120,"Interactive UI controls allowing visitors to swap model colors, textures, and metallic finishes in real-time.",td_micro_9,"Metallic & Roughness Finish Toggles",Textures,"Swaps between matte, gloss, brushed aluminum, and carbon fiber textures."
interactive-3d-experience,"3D Interactive & Brand Experience","3D & WebGL",5000,100,"3-4 Weeks",td_macro_customizer,"Interactive Real-Time Material & Color Switcher","3D Customization",FALSE,5000,120,"Interactive UI controls allowing visitors to swap model colors, textures, and metallic finishes in real-time.",td_micro_10,"Branded Canvas Loading Preloader",Preloader,"Sleek glowing progress bar with decompression counter preventing bounce on load."
interactive-3d-experience,"3D Interactive & Brand Experience","3D & WebGL",5000,100,"3-4 Weeks",td_macro_audio,"Ambient Spatial Audio & Haptic Sound Design","Audio Immersion",FALSE,4500,100,"Interactive procedural sound design, click feedback, and spatial audio positioning engaging the visitor's senses.",td_micro_11,"Web Audio API Spatial Sound Synthesis",Synthesis,"Ambient low-frequency background drone calibrated to visual aesthetic."
interactive-3d-experience,"3D Interactive & Brand Experience","3D & WebGL",5000,100,"3-4 Weeks",td_macro_audio,"Ambient Spatial Audio & Haptic Sound Design","Audio Immersion",FALSE,4500,100,"Interactive procedural sound design, click feedback, and spatial audio positioning engaging the visitor's senses.",td_micro_12,"Tactile Haptic Click & Rotation Sound",Haptics,"Subtle micro-audio clicks on button hovers and 3D object rotation."
interactive-3d-experience,"3D Interactive & Brand Experience","3D & WebGL",5000,100,"3-4 Weeks",td_macro_audio,"Ambient Spatial Audio & Haptic Sound Design","Audio Immersion",FALSE,4500,100,"Interactive procedural sound design, click feedback, and spatial audio positioning engaging the visitor's senses.",td_micro_13,"Persistent Sound Toggle with Waveform",Controls,"Unobtrusive sound control button remembering visitor preference in session."
interactive-3d-experience,"3D Interactive & Brand Experience","3D & WebGL",5000,100,"3-4 Weeks",td_macro_mobile,"Mobile Gyroscope Controls & 60fps Thermal Guard","Mobile Performance",FALSE,4500,100,"Smartphone gyroscope tilt controls paired with dynamic resolution scaling maintaining solid 60fps without battery drain.",td_micro_14,"DeviceOrientation Gyroscope Tilt Navigation",Gyroscope,"Tilting the phone subtly rotates the 3D model in physical space."
interactive-3d-experience,"3D Interactive & Brand Experience","3D & WebGL",5000,100,"3-4 Weeks",td_macro_mobile,"Mobile Gyroscope Controls & 60fps Thermal Guard","Mobile Performance",FALSE,4500,100,"Smartphone gyroscope tilt controls paired with dynamic resolution scaling maintaining solid 60fps without battery drain.",td_micro_15,"Adaptive 60fps Thermal & Battery Guard",Performance,"Dynamically scales pixelRatio on frame drops to preserve mobile battery."
interactive-3d-experience,"3D Interactive & Brand Experience","3D & WebGL",5000,100,"3-4 Weeks",td_macro_mobile,"Mobile Gyroscope Controls & 60fps Thermal Guard","Mobile Performance",FALSE,4500,100,"Smartphone gyroscope tilt controls paired with dynamic resolution scaling maintaining solid 60fps without battery drain.",td_micro_16,"WebGL Context Loss Recovery Handler",Resilience,"Gracefully reinitializes 3D shaders if phone OS suspends memory."
fullstack-web-app,"Full-Stack Web App / SaaS MVP","Enterprise SaaS",5000,100,"4-6 Weeks",fs_macro_foundation,"Luxury Landing Sprint Foundation (Included)","Base Architecture",TRUE,4999,99,"Includes the entire Luxury Landing Sprint foundation (₹4,999 value) as the polished public-facing marketing front.",fs_micro_0a,"Complete Next.js App Router Architecture",Core,"Full SSR foundation with edge hosting and CDN delivery."
fullstack-web-app,"Full-Stack Web App / SaaS MVP","Enterprise SaaS",5000,100,"4-6 Weeks",fs_macro_foundation,"Luxury Landing Sprint Foundation (Included)","Base Architecture",TRUE,4999,99,"Includes the entire Luxury Landing Sprint foundation (₹4,999 value) as the polished public-facing marketing front.",fs_micro_0b,"Mobile Responsive Layout & Typography",Core,"Curated typography with 95+ Lighthouse speed benchmarks."
fullstack-web-app,"Full-Stack Web App / SaaS MVP","Enterprise SaaS",5000,100,"4-6 Weeks",fs_macro_db,"Supabase PostgreSQL Relational Database Architecture","Database Engineering",TRUE,15000,330,"Normalized relational schema with foreign key constraints, UUID primary keys, and automated timestamp triggers.",fs_micro_1,"Normalized Relational PostgreSQL DDL Schema",Schema,"Production tables with foreign key cascades, unique constraints, and enum types."
fullstack-web-app,"Full-Stack Web App / SaaS MVP","Enterprise SaaS",5000,100,"4-6 Weeks",fs_macro_db,"Supabase PostgreSQL Relational Database Architecture","Database Engineering",TRUE,15000,330,"Normalized relational schema with foreign key constraints, UUID primary keys, and automated timestamp triggers.",fs_micro_2,"B-Tree Indexes & Query Optimization",Speed,"Optimized indexes on frequent query paths guaranteeing sub-20ms database queries."
fullstack-web-app,"Full-Stack Web App / SaaS MVP","Enterprise SaaS",5000,100,"4-6 Weeks",fs_macro_db,"Supabase PostgreSQL Relational Database Architecture","Database Engineering",TRUE,15000,330,"Normalized relational schema with foreign key constraints, UUID primary keys, and automated timestamp triggers.",fs_micro_3,"Automated Updated_at Database Triggers",Triggers,"PL/pgSQL triggers automatically keeping record update timestamps synchronized."
fullstack-web-app,"Full-Stack Web App / SaaS MVP","Enterprise SaaS",5000,100,"4-6 Weeks",fs_macro_auth,"Zero-Trust Row-Level Security & Multi-Provider Auth","Authentication & Security",TRUE,14000,300,"Postgres RLS policies guaranteeing strict tenant isolation, paired with Google OAuth, Magic Links, and session tokens.",fs_micro_4,"Zero-Trust Postgres Row-Level Security (RLS)",RLS,"Database-level security policies guaranteeing clients only access their own records."
fullstack-web-app,"Full-Stack Web App / SaaS MVP","Enterprise SaaS",5000,100,"4-6 Weeks",fs_macro_auth,"Zero-Trust Row-Level Security & Multi-Provider Auth","Authentication & Security",TRUE,14000,300,"Postgres RLS policies guaranteeing strict tenant isolation, paired with Google OAuth, Magic Links, and session tokens.",fs_micro_5,"Multi-Provider OAuth 2.0 (Google, Magic Link, Email)",Auth,"PKCE auth flow with HTTP-only cookies eliminating token theft vulnerabilities."
fullstack-web-app,"Full-Stack Web App / SaaS MVP","Enterprise SaaS",5000,100,"4-6 Weeks",fs_macro_auth,"Zero-Trust Row-Level Security & Multi-Provider Auth","Authentication & Security",TRUE,14000,300,"Postgres RLS policies guaranteeing strict tenant isolation, paired with Google OAuth, Magic Links, and session tokens.",fs_micro_6,"Automated Password Reset & Email Verification",Workflows,"Secure password reset links and automated email verification workflows."
fullstack-web-app,"Full-Stack Web App / SaaS MVP","Enterprise SaaS",5000,100,"4-6 Weeks",fs_macro_billing,"Stripe & Razorpay Webhook Billing Engine","Payments & Subscriptions",TRUE,12000,260,"Subscription and recurring billing engine with cryptographic signature verification and automated digital fulfillment.",fs_micro_7,"Recurring Subscriptions & One-Time Payments",Billing,"Handles monthly/annual recurring tiers, plan upgrades, downgrades, and cancellations."
fullstack-web-app,"Full-Stack Web App / SaaS MVP","Enterprise SaaS",5000,100,"4-6 Weeks",fs_macro_billing,"Stripe & Razorpay Webhook Billing Engine","Payments & Subscriptions",TRUE,12000,260,"Subscription and recurring billing engine with cryptographic signature verification and automated digital fulfillment.",fs_micro_8,"Cryptographic Webhook Signature Handlers",Webhooks,"Idempotent API webhook handlers with replay protection and transaction integrity."
fullstack-web-app,"Full-Stack Web App / SaaS MVP","Enterprise SaaS",5000,100,"4-6 Weeks",fs_macro_billing,"Stripe & Razorpay Webhook Billing Engine","Payments & Subscriptions",TRUE,12000,260,"Subscription and recurring billing engine with cryptographic signature verification and automated digital fulfillment.",fs_micro_9,"Automated Invoice Generation & Customer Portal",Portal,"Self-serve Stripe billing portal where customers download invoices and update cards."
fullstack-web-app,"Full-Stack Web App / SaaS MVP","Enterprise SaaS",5000,100,"4-6 Weeks",fs_macro_storage,"Encrypted Cloud Storage & Secure Signed Uploads",Storage,FALSE,8000,170,"Direct-to-storage upload pipeline for avatars, documents, and contracts with time-expiring signed download URLs.",fs_micro_10,"Encrypted Cloud Storage Buckets with RLS",S3 Buckets,"Secure storage buckets with folder-level permissions preventing unauthorized access."
fullstack-web-app,"Full-Stack Web App / SaaS MVP","Enterprise SaaS",5000,100,"4-6 Weeks",fs_macro_storage,"Encrypted Cloud Storage & Secure Signed Uploads",Storage,FALSE,8000,170,"Direct-to-storage upload pipeline for avatars, documents, and contracts with time-expiring signed download URLs.",fs_micro_11,"Time-Expiring Cryptographic Signed URLs",Signed URLs,"Download links that expire after 15 minutes to keep sensitive files private."
fullstack-web-app,"Full-Stack Web App / SaaS MVP","Enterprise SaaS",5000,100,"4-6 Weeks",fs_macro_storage,"Encrypted Cloud Storage & Secure Signed Uploads",Storage,FALSE,8000,170,"Direct-to-storage upload pipeline for avatars, documents, and contracts with time-expiring signed download URLs.",fs_micro_12,"Client-Side Image Compression & Validation",Compression,"Compresses large files in the browser before upload to save bandwidth and storage."
fullstack-web-app,"Full-Stack Web App / SaaS MVP","Enterprise SaaS",5000,100,"4-6 Weeks",fs_macro_rbac,"Role-Based Access Control & Immutable Audit Logging",Governance,FALSE,6000,130,"Granular administrative roles with an immutable audit log tracking critical account modifications and financial changes.",fs_micro_13,"Multi-Tier Role Permissions (Admin, Manager, Member)",RBAC,"Configurable role guards on API routes, dashboard views, and database operations."
fullstack-web-app,"Full-Stack Web App / SaaS MVP","Enterprise SaaS",5000,100,"4-6 Weeks",fs_macro_rbac,"Role-Based Access Control & Immutable Audit Logging",Governance,FALSE,6000,130,"Granular administrative roles with an immutable audit log tracking critical account modifications and financial changes.",fs_micro_14,"Immutable Security Audit Log",Audit,"Captures IP address, timestamp, actor, and old/new state for every sensitive change."
fullstack-web-app,"Full-Stack Web App / SaaS MVP","Enterprise SaaS",5000,100,"4-6 Weeks",fs_macro_rbac,"Role-Based Access Control & Immutable Audit Logging",Governance,FALSE,6000,130,"Granular administrative roles with an immutable audit log tracking critical account modifications and financial changes.",fs_micro_15,"Team Member Invitation & Role Revocation",Invites,"Email invitation flow allowing organization owners to add team members with roles."
fullstack-web-app,"Full-Stack Web App / SaaS MVP","Enterprise SaaS",5000,100,"4-6 Weeks",fs_macro_api_bridge,"External API & Outbound Webhook Dispatcher",Integrations,FALSE,5000,110,"Exposes secure REST API endpoints with API key authentication or triggers webhooks to Zapier, Make.com, or Slack.",fs_micro_16,"Outbound Webhook Dispatcher to Zapier & Slack",Webhooks,"Fires instant JSON payloads to external services whenever key business events occur."
fullstack-web-app,"Full-Stack Web App / SaaS MVP","Enterprise SaaS",5000,100,"4-6 Weeks",fs_macro_api_bridge,"External API & Outbound Webhook Dispatcher",Integrations,FALSE,5000,110,"Exposes secure REST API endpoints with API key authentication or triggers webhooks to Zapier, Make.com, or Slack.",fs_micro_17,"HMAC SHA-256 Payload Signature Signing",Signing,"Cryptographically signs outbound payloads so receiving servers can verify origin."
fullstack-web-app,"Full-Stack Web App / SaaS MVP","Enterprise SaaS",5000,100,"4-6 Weeks",fs_macro_api_bridge,"External API & Outbound Webhook Dispatcher",Integrations,FALSE,5000,110,"Exposes secure REST API endpoints with API key authentication or triggers webhooks to Zapier, Make.com, or Slack.",fs_micro_18,"Automated HTTP Retry Queue with Backoff",Queue,"Retries failed webhooks with exponential backoff to prevent dropped notifications."
fullstack-web-app,"Full-Stack Web App / SaaS MVP","Enterprise SaaS",5000,100,"4-6 Weeks",fs_macro_backups_export,"Automated Daily Backups & 1-Click CSV Export",Operations,FALSE,5000,100,"Automated daily WAL database snapshots with point-in-time recovery and one-click data table export to CSV & Excel.",fs_micro_19,"Automated Daily Database Snapshots & PITR",Snapshots,"Automated pg_dump backup archiving with 7-day emergency rollback capability."
fullstack-web-app,"Full-Stack Web App / SaaS MVP","Enterprise SaaS",5000,100,"4-6 Weeks",fs_macro_backups_export,"Automated Daily Backups & 1-Click CSV Export",Operations,FALSE,5000,100,"Automated daily WAL database snapshots with point-in-time recovery and one-click data table export to CSV & Excel.",fs_micro_20,"One-Click Data Export to CSV & Excel Sheets",Export,"Instant data table download button with CSV formula injection sanitization."
fullstack-web-app,"Full-Stack Web App / SaaS MVP","Enterprise SaaS",5000,100,"4-6 Weeks",fs_macro_backups_export,"Automated Daily Backups & 1-Click CSV Export",Operations,FALSE,5000,100,"Automated daily WAL database snapshots with point-in-time recovery and one-click data table export to CSV & Excel.",fs_micro_21,"Automated System Health & Error Alerting",Monitoring,"Integrates with error monitors to notify engineers if a database error spikes."
